<?xml version = "1.0" encoding = "utf-8"?>
<!DOCTYPE hibernate-mapping PUBLIC 
"-//Hibernate/Hibernate Mapping DTD//EN"
"http://www.hibernate.org/dtd/hibernate-mapping-3.0.dtd"> 

<hibernate-mapping>
   <class name = "com.test.model.Airline" table = "Airline">
      
      <meta attribute = "class-description">
         This class contains the flight detail. 
      </meta>
      
      <id name = "AirlineId" type = "int" column = "AirlineId">
         <generator class="native"/>
      </id>
      
      <property name = "AirlineName" column = "AirlineName" type = "string"/>
      
      
   </class>
</hibernate-mapping>