<?xml version = "1.0" encoding = "utf-8"?>
<!DOCTYPE hibernate-mapping PUBLIC 
"-//Hibernate/Hibernate Mapping DTD//EN"
"http://www.hibernate.org/dtd/hibernate-mapping-3.0.dtd"> 

<hibernate-mapping>
   <class name = "com.test.model.flight" table = "Flight">
        <meta attribute = "class-description">
         This class contains the flight detail. 
      </meta>
      <!--    important  memorize this  -->
      <id name = "flightId" type = "int" column = "flightId">
         <generator class="native"/>
      </id>
      <!--    important  memorize this  -->
      <property name = "fromSector" column = "fromSector" type = "string"/>
      <property name = "toSector" column = "toSector" type = "string"/>
      <property name = "capacity" column = "capacity" type = "int"/>
<!--    important  memorize this  -->
      <list name="airlineList" cascade="all" >
      <key column="flightId"></key>
      <index column="Idx"></index>
      <one-to-many class="com.test.model.Airline"/>
      
      </list>
      
           </class>
</hibernate-mapping>