<?xml version='1.0' encoding='UTF-8'?>  
<!DOCTYPE hibernate-configuration PUBLIC  
          "-//Hibernate/Hibernate Configuration DTD 5.3//EN"  
          "http://hibernate.sourceforge.net/hibernate-configuration-3.0.dtd">  
  
<hibernate-configuration>  
  
<session-factory>  
 <property name="hbm2ddl.auto">update</property>  
 <property name="dialect">org.hibernate.dialect.OracleDialect</property>  
 <property name="connection.url">jdbc:oracle:thin:@localhost:1521:xe</property>  
 <property name="connection.username">hr</property>  
 <property name="connection.password">hr</property>  
 <property name="connection.driver_class">oracle.jdbc.driver.OracleDriver</property>  
     <property name="hibernate.current_session_context_class">thread</property> 
  <property name="show_sql">
            true
        </property>
        <property name="hbm2ddl.auto">
            update
        </property>  
        
        <mapping class="com.test.model.School"></mapping>
                 <mapping class="com.test.model.Project"></mapping>
                 <mapping class="com.test.model.Module"></mapping>
                 <mapping class="com.test.model.Task"></mapping>
                  <mapping class="com.test.model.Bid"></mapping>
                 <mapping class="com.test.model.SchoolDetails"></mapping>
                          <mapping resource="Flight.hbm.xml"></mapping>
                           <mapping resource="Airline.hbm.xml"></mapping>
 </session-factory>  
  
</hibernate-configuration>  